id,species,latitude,longitude
0,Elephantomyia juquiensis,-24.319196,-47.635061
1,Elephantomyia primogenia,-22.416960,-42.975602
2,Elephantomyia corniculata,-21.2,-47.15
3,Elephantomyia vesca,-24.308775,-48.273590
4,Olbiogaster erythrohydrus,-15.743519,-41.457510
5,Olbiogaster midas,-22.223561,-54.812549
6,Olbiogaster marinonii,-23.436152,-50.250055
6,Olbiogaster marinonii,-23.916888,-51.981893
7,Olbiogaster pirapo,-26.855267,-55.541359
8,Olbiogaster xanthonota,-19.872623, -40.875266
9,Olbiogaster paractius,-25.482747,-48.829071
10,Olbiogaster almeidai,-22.906847,-43.172896
11,Olbiogaster scalaris,-14.788033,-39.278418
11,Olbiogaster scalaris,-18.588789,-39.736572
12,Olbiogaster quinquefasciatus,-23.768190,-52.447681
12,Olbiogaster quinquefasciatus,-27.242339,-50.218856
13,Bibionellus aczeli,-24.258413,-65.208491
13,Bibionellus aczeli,-26.240397,-65.499715
14,Bibionellus barrettoi,-15.924922,-48.812149
14,Bibionellus barrettoi,-17.879605,-51.720673
14,Bibionellus barrettoi,-21.170401,-47.810324
14,Bibionellus barrettoi,-22.008708,-47.890926
14,Bibionellus barrettoi,-21.741444,-48.689113
14,Bibionellus barrettoi,-21.010674,-48.217601
14,Bibionellus barrettoi,-22.531437,-52.173372
15,Bibionellus paulistensis,-21.010674,-48.217601
15,Bibionellus paulistensis,-24.516667,-47.700000
16,Bibionellus tibialis,-16.194178,-67.728813
16,Bibionellus tibialis,-26.808285,-65.217590
17,Rhynchosciara americana,-22.906847,-43.172896
17,Rhynchosciara americana,-22.960862,-43.274420
17,Rhynchosciara americana,-22.968174,-43.390702
17,Rhynchosciara americana,-24.094350,-46.412503
17,Rhynchosciara americana,-24.107525,-46.680192
17,Rhynchosciara americana,-24.319196,-47.635061
17,Rhynchosciara americana,-23.960766,-46.396080
17,Rhynchosciara americana,-23.994844,-46.256868
17,Rhynchosciara americana,-25.346153,-57.270569
17,Rhynchosciara americana,-25.346153,-57.270569
17,Rhynchosciara americana,-26.808285,-65.217590
18,Rhynchosciara baschanti,-26.808285,-65.217590
18,Rhynchosciara baschanti,-23.437615,-46.634681
18,Rhynchosciara baschanti,-23.65,-45.733333
18,Rhynchosciara baschanti,-23.585498,-46.599011
18,Rhynchosciara baschanti,-23.589093,-46.695220
18,Rhynchosciara baschanti,-23.511369,-46.872942
18,Rhynchosciara baschanti,-24.319196,-47.635061
18,Rhynchosciara baschanti,-20.385574,-43.503578
19,Rhynchosciara argentiniensis,-31.765399,-52.337589
19,Rhynchosciara argentiniensis,-27.183333,-52.383333
19,Rhynchosciara argentiniensis,-34.603684,-58.381559
20,Rhynchosciara guimaraesi,-21.779778,-48.562733
20,Rhynchosciara guimaraesi,-26.435507,-49.245236
20,Rhynchosciara guimaraesi,-27.208333,-52.383333
20,Rhynchosciara guimaraesi,-26.916579,-49.071733
21,Rhynchosciara hollaenderi,-26.808285,-65.217590
21,Rhynchosciara hollaenderi,-24.516667,-47.700000
22,Rhynchosciara milleri,-24.094350,-46.412503
22,Rhynchosciara milleri,-15.924922,-48.812149
22,Rhynchosciara milleri,-22.166667,-42.316667
22,Rhynchosciara milleri,-23.433658,-45.083848
22,Rhynchosciara milleri,-23.521313,-46.185853
22,Rhynchosciara milleri,-23.775381,-45.945896
22,Rhynchosciara milleri,-23.891615,-46.424414
22,Rhynchosciara milleri,-23.437615,-46.634681
22,Rhynchosciara milleri,-23.585498,-46.599011
22,Rhynchosciara milleri,-23.635414,-46.627929
22,Rhynchosciara milleri,-23.589095,-48.048785
22,Rhynchosciara milleri,-25.428954,-49.267137
23,Rhynchosciara papaveroi,-22.863239,-46.038608
24,Colonomyia brasiliana,-23.65,-45.733333
24,Colonomyia brasiliana,-22.166667,-42.316667
25,Chiletricha marginata,-22.166667,-42.316667
25,Chiletricha marginata,-23.777527,-46.299797
26,Rhipidita fusca,-27.183333,-52.383333
26,Rhipidita fusca,-25.530932,-49.324264
27,Rhipidita nigra,-22.742867,-45.596356
28,Calliceratomyia pectinata,-22.742867,-45.596356
28,Calliceratomyia pectinata,-21.45235,-46.348
28,Calliceratomyia pectinata,-22.356389,-44.733889
28,Calliceratomyia pectinata,-21.691666,-46.368055
29,Nervijuncta laffooni,-22.166667,-42.316667
29,Nervijuncta laffooni,-23.651389,-45.8975
29,Nervijuncta laffooni,-27.208333,-52.383333
29,Nervijuncta laffooni,-28.084687,-49.507201
30,Cluzobra triocellata,-8.00,-34.933
31,Cluzobra accola,-9.31888,-36.4711
32,Cluzobra lanei,-20.216666666666665,-56.483333333333334
32,Cluzobra lanei,-21.45,-47.8666
32,Cluzobra lanei,-24.21944,-48.7655 
33,Cluzobra claripennis,-9.31888,-36.4711
33,Cluzobra claripennis,-7.1333,-34.8333
33,Cluzobra claripennis,-14.78333,-39.0666
34,Cluzobra papaveroi,-11.375555555555556,-37.416666666666664
34,Cluzobra papaveroi,-12.56027777777778,-38.049166666666665 
34,Cluzobra papaveroi,-16.388055555555557,-39.18194444444444
35,Cluzobra coptolithus,-7.1333,-34.8333
35,Cluzobra coptolithus,-7.15,-34.8666 
35,Cluzobra coptolithus,-8.000,-34.9333
35,Cluzobra coptolithus,-9.31888,-36.4711
36,Cluzobra matilei,-25.574166,-48.896111
36,Cluzobra matilei,-21.691666,-46.368055
36,Cluzobra matilei,-22.57694,-43.43499
36,Cluzobra matilei,-24.25,-48.1666
36,Cluzobra matilei,-24.518333,-47.201666
37,Cluzobra fascipennis,-27.05,-52.4
37,Cluzobra fascipennis,-27.534096,-55.085369
38,Cluzobra sapiranga,-7.1333,-34.8333
38,Cluzobra sapiranga,-7.1333,-34.8333
38,Cluzobra sapiranga,-8.000,-34.9333 
38,Cluzobra sapiranga,-12.560277,-38.049166 
39,Cluzobra fluminense,-22.576944,-43.43499
40,Cluzobra binocellaris,-23.716666666666665,-49.483333333333334
40,Cluzobra binocellaris,-24.51833,-47.20166
40,Cluzobra binocellaris,-24.31666,-50.61666
40,Cluzobra binocellaris,-25.4,-51.4333 
40,Cluzobra binocellaris,-25.01666,-50.1666 
40,Cluzobra binocellaris,-25.5333,-49.2166 
40,Cluzobra binocellaris,-23.4333,-50.25 
40,Cluzobra binocellaris,-25.574166,-48.896111 
40,Cluzobra binocellaris,-26.2666,-48.6 
40,Cluzobra binocellaris,-27.05,-52.4 
40,Cluzobra binocellaris,-26.581099,-59.631651
41,Cluzobra fuscipennis,-23.361944,-44.82277
41,Cluzobra fuscipennis,-23.5166,-46.8666 
41,Cluzobra fuscipennis,-23.8333,-46.81666 
41,Cluzobra fuscipennis,-25.58333,-49.3 
41,Cluzobra fuscipennis,-23.4333,-50.25 
41,Cluzobra fuscipennis,-26.2502775,-49.3786111 
41,Cluzobra fuscipennis,-27.05,-52.4 
42,Cluzobra plaumanni,-26.2502775,-49.3786111
42,Cluzobra plaumanni,-27.05,-52.4 
43,Cluzobra fritzmuelleri,-26.2502775,-49.3786111 
44,Cluzobra spinata,-8.000,-34.9333 
44,Cluzobra spinata,-7.1333,-34.8333 
44,Cluzobra spinata,-9.31888,-36.4711 
44,Cluzobra spinata,-16.388055,-39.181944 
45,Cluzobra elpidia,-14.7833,-39.0666 
46,Phthinia theresae,-19.971111,-40.535
47,Phthinia urubici,-28.001389,-49.591667 
48,Trizygia balbii,-23.651389,-45.8975
49,Trizygia alvesi,-21.833333,-41.666667
49,Trizygia alvesi,-18.516667,-46.3
49,Trizygia alvesi,-21.669167,-46.368056
49,Trizygia alvesi,-23.186389,-46.884167
49,Trizygia alvesi,-26.250278,-49.378611
50,Trizygia camargoi,-14.766667,-39.066667
51,Trizygia albidens,-21.133333,-47.983333
51,Trizygia albidens,-21.602989,-48.364423
51,Trizygia albidens,-25.246315,-50.021240
52,Arthropeina fulva,-21.669167,-46.368056
52,Arthropeina fulva,-21.453067,-46.348
52,Arthropeina fulva,-18.516667,-46.3
52,Arthropeina fulva,-22.576944,-43.434722
52,Arthropeina fulva,-27.116667,-52.53895
52,Arthropeina fulva,-23.726389,-45.936111
52,Arthropeina fulva,-23.751944,-46.053611
52,Arthropeina fulva,-23.233333,-46.95
52,Arthropeina fulva,-21.225,-47.850278
52,Arthropeina fulva,-22.605111,-52.302833
52,Arthropeina fulva,-23.324222,-45.094028
53,Chrysopilus balbii,-23.65,-45.733333
53,Chrysopilus balbii,-22.333333,-44.583333
53,Chrysopilus balbii,-22.916667,-43.2
53,Chrysopilus balbii,-23.016667,-43.316667
53,Chrysopilus balbii,-22.166667,-42.316667
53,Chrysopilus balbii,-24.2,-48.05
53,Chrysopilus balbii,-24.533333,-48.533333
53,Chrysopilus balbii,-23.361944,-44.822778
53,Chrysopilus balbii,-23.65,-45.733333
53,Chrysopilus balbii,-23.95,-46.383333
53,Chrysopilus balbii,-23.316667,-46.583333
53,Chrysopilus balbii,-23.983333,-46.25
53,Chrysopilus balbii,-23.65,-45.416667
53,Chrysopilus balbii,-27.183333,-52.383333
54,Chrysopilus orphnopterus,-23.8,-45.15
55,Chrysopilus capillosus,-23.891615,-46.424414
55,Chrysopilus capillosus,-23.650556,-45.894167
56,Chrysopilus plaumanni,-27.161234,-52.416744
57,Chrysopilus semipictus,-22.369822,-44.628469
59,Chrysopilus microphallus,-27.151045, -52.309747
60,Chrysopilus camargoi,-22.490203,-44.567911
61,Chrysopilus hyalinus,-23.65,-45.733333
61,Chrysopilus hyalinus,-22.742867,-45.596356
62,Chrysopilus caligatus,-22.166667,-42.316667
63,Paraclius amphiatheratus,-8.010028,-34.947595
64,Paraclius parenti,-8.010028,-34.947595
65,Paraclius sagittatus,-18.967417,-40.135222
66,Paraclius dicrophallus,-8.010028,-34.947595
67,Psilochlorops paganelliae,-28.007117,-49.589468
68,Psilochlorops elongatum,-22.742867,-45.596356
69,Psilochlorops flavisoma,-22.742867, -45.596356
70,Coroichlorops plaumanni,-27.183333, -52.383333
71,Ischnochlorops trilineatus,-27.183333, -52.383333
71,Ischnochlorops trilineatus,-23.766106,-53.320610
72,Ischnochlorops lefevrei,-22.742867,-45.596356
73,Coniceromyia affinis,-25.428954,-49.267137
73,Coniceromyia affinis,-19.936828,-40.598329
73,Coniceromyia affinis,-25.97,-54.11
73,Coniceromyia affinis,-34.65,-58.966667
73,Coniceromyia affinis,-29.647959,-51.007762
73,Coniceromyia affinis,-22.808027,-45.194220
73,Coniceromyia affinis,-21.950246,-42.009984
73,Coniceromyia affinis,-22.657888,-42.396526
73,Coniceromyia affinis,-27.183333,-52.383333
74,Coniceromyia anacleti,-22.490203,-44.567911
74,Coniceromyia anacleti,-25.97,-54.11
74,Coniceromyia anacleti,-34.65,-58.966667
74,Coniceromyia anacleti,-27.183333,-52.383333
75,Coniceromyia apechoneura,-28.001389,-49.591667
76,Coniceromyia apioneura,-24.304444,-48.364722
77,Coniceromyia basalis,-27.183333,-52.383333
77,Coniceromyia basalis,-23.223701,-45.900907
77,Coniceromyia basalis,-22.411389,-42.520278
77,Coniceromyia basalis,-22.143024,-48.525575
77,Coniceromyia basalis,-24.3,-48.35
77,Coniceromyia basalis,-22.742867,-45.596356
77,Coniceromyia basalis,-23.65,-45.733333
77,Coniceromyia basalis,-28.001389,-49.591667
77,Coniceromyia basalis,-26.250037,-49.383557
77,Coniceromyia basalis,-27.183333,-52.383333
78,Coniceromyia brandaoi,-21.833333,-41.666667
79,Coniceromyia diaphaniptera,-21.453056,-46.347778
80,Coniceromyia disparivena,-27.183333,-52.383333
80,Coniceromyia disparivena,-26.086847,-49.779828
80,Coniceromyia disparivena,-27.183333,-52.383333
80,Coniceromyia disparivena,-27.77,-57.28
81,Coniceromyia epicantha,-22.511250, -43.177931
81,Coniceromyia epicantha,-25.68,-54.44
81,Coniceromyia epicantha,-21.45235,-46.348
81,Coniceromyia epicantha,-22.742867,-45.596356
82,Coniceromyia fusca,-22.511250,-43.177931
83,Coniceromyia franciscana,-26.25,-49.383333
83,Coniceromyia franciscana,-23.324222,-45.094028
84,Coniceromyia maculipennis,-22.143024,-48.525575
85,Coniceromyia neofusca,-19.936828,-40.598329
85,Coniceromyia neofusca,-20.763209,-41.672874
85,Coniceromyia neofusca,-22.29,-42.54
86,Coniceromyia plaumanni,-27.183333,-52.383333
87,Coniceromyia sanctaetheresae,-19.971306,-40.53525
88,Coniceromyia tanycrossa,-21.137995,-47.990137
89,Coniceromyia vespertilio,-22.906847,-43.172896
89,Coniceromyia vespertilio,-22.411389,-42.520278
90,Neopleurophora atlantica,-24.274639,-48.421472
90,Neopleurophora atlantica,-19.971833,-40.535778
91,Cladochaeta armata,-22.742867,-45.596356
91,Cladochaeta armata,-23.324222,-45.094028
91,Cladochaeta armata,-23.651389,-45.8975
92,Cladochaeta armatopsis,-24.274639,-48.421472
93,Cladochaeta balbiae,-24.274639,-48.421472
94,Cladochaeta paraitinga,-23.321361,-45.099056
95,Cladochaeta bomplandi,-29.821590,-57.429652
95,Cladochaeta bomplandi,-21.45235,-46.348
96,Cladochaeta asapha,-21.45235,-46.348
97,Cladochaeta chauliodactyla,-22.291389,-49.552778
98,Cladochaeta conicophallus,-24.274361,-48.422028
99,Cladochaeta dicrophallus,-23.321361,-45.099056
100,Cladochaeta atlantica,-23.323556,-45.094472
100,Cladochaeta atlantica,-22.742867,-45.596356
101,Cladochaeta periotoi,-23.186389,-46.884167
102,Cladochaeta stigmata,-22.291389,-49.552778
102,Cladochaeta stigmata,-23.186389,-46.884167
103,Neoscutops cariri,-7.1333,-34.8333
103,Neoscutops cariri,-9.782545,-36.102057
104,Semidalis nimboiformis,-27.183333,-52.383333
104,Semidalis nimboiformis,-21.453056,-46.347778
104,Semidalis nimboiformis,-21.470683,-41.109527
104,Semidalis nimboiformis,-22.742867,-45.596356
104,Semidalis nimboiformis,-21.163945,-47.860345
104,Semidalis nimboiformis,-27.286594,-52.53895
105,Nallachius limai,-22.742867,-45.596356
105,Nallachius limai,-25.428954,-49.267137
105,Nallachius limai,-27.183333,-52.383333
